{"cameraMode":{"drawMode":0,"name":"Shaded","section":"Shading Mode"},"sceneLighting":false,"audioPlay":false,"sceneViewState":{"m_AlwaysRefresh":false,"showFog":true,"showSkybox":false,"showFlares":true,"showImageEffects":true,"showParticleSystems":true,"showVisualEffectGraphs":true,"m_FxEnabled":true},"in2DMode":false,"pivot":{"x":-0.38306674361228945,"y":1.4944382905960084,"z":13.951274871826172},"rotation":{"x":0.1454450637102127,"y":0.343070387840271,"z":-0.05420862138271332,"w":0.9269558787345886},"size":1.1041678190231324,"orthographic":false}