{"cameraMode":{"drawMode":0,"name":"Shaded","section":"Shading Mode"},"sceneLighting":true,"audioPlay":false,"sceneViewState":{"m_AlwaysRefresh":false,"showFog":true,"showSkybox":true,"showFlares":true,"showImageEffects":true,"showParticleSystems":true,"showVisualEffectGraphs":true,"m_FxEnabled":true},"in2DMode":false,"pivot":{"x":-9.306485176086426,"y":-0.3139307498931885,"z":-3.2511234283447267},"rotation":{"x":0.047042857855558398,"y":-0.7709426283836365,"z":0.05678339675068855,"w":0.6334390640258789},"size":7.7563557624816898,"orthographic":false}