{"cameraMode":{"drawMode":0,"name":"Shaded","section":"Shading Mode"},"sceneLighting":true,"audioPlay":false,"sceneViewState":{"m_AlwaysRefresh":false,"showFog":true,"showSkybox":true,"showFlares":true,"showImageEffects":true,"showParticleSystems":true,"showVisualEffectGraphs":true,"m_FxEnabled":true},"in2DMode":false,"pivot":{"x":-0.9221261739730835,"y":1.4187281131744385,"z":-1.7294306755065919},"rotation":{"x":-0.19983139634132386,"y":-0.03673798218369484,"z":0.009273267351090908,"w":-0.9797366857528687},"size":0.55901700258255,"orthographic":false}