{"cameraMode":{"drawMode":0,"name":"Shaded","section":"Shading Mode"},"sceneLighting":true,"audioPlay":false,"sceneViewState":{"m_AlwaysRefresh":false,"showFog":true,"showSkybox":true,"showFlares":true,"showImageEffects":true,"showParticleSystems":true,"showVisualEffectGraphs":true,"m_FxEnabled":true},"in2DMode":false,"pivot":{"x":-1.9709193706512452,"y":2.987156629562378,"z":-1.307971715927124},"rotation":{"x":0.23978464305400849,"y":0.21005725860595704,"z":-0.05417037755250931,"w":0.9467025399208069},"size":0.07071010768413544,"orthographic":false}