{"cameraMode":{"drawMode":0,"name":"Shaded","section":"Shading Mode"},"sceneLighting":true,"audioPlay":false,"sceneViewState":{"m_AlwaysRefresh":false,"showFog":true,"showSkybox":true,"showFlares":true,"showImageEffects":true,"showParticleSystems":true,"showVisualEffectGraphs":true,"m_FxEnabled":true},"in2DMode":false,"pivot":{"x":-3.7639501094818117,"y":1.9401919841766358,"z":11.773192405700684},"rotation":{"x":0.1924879252910614,"y":0.04255656152963638,"z":-0.008125600405037403,"w":0.9808852076530457},"size":0.8678041696548462,"orthographic":false}