{"cameraMode":{"drawMode":0,"name":"Shaded","section":"Shading Mode"},"sceneLighting":true,"audioPlay":false,"sceneViewState":{"m_AlwaysRefresh":false,"showFog":true,"showSkybox":true,"showFlares":true,"showImageEffects":true,"showParticleSystems":true,"showVisualEffectGraphs":true,"m_FxEnabled":true},"in2DMode":false,"pivot":{"x":0.0359676331281662,"y":3.115234613418579,"z":-3.289494037628174},"rotation":{"x":0.17326940596103669,"y":0.04594757780432701,"z":-0.008409671485424042,"w":0.9842773675918579},"size":0.2868213653564453,"orthographic":false}