{"cameraMode":{"drawMode":0,"name":"Shaded","section":"Shading Mode"},"sceneLighting":true,"audioPlay":false,"sceneViewState":{"m_AlwaysRefresh":false,"showFog":true,"showSkybox":true,"showFlares":true,"showImageEffects":true,"showParticleSystems":true,"showVisualEffectGraphs":true,"m_FxEnabled":true},"in2DMode":false,"pivot":{"x":-4.821032524108887,"y":3.227832317352295,"z":-16.194766998291017},"rotation":{"x":0.1010536327958107,"y":0.31434521079063418,"z":-0.033998724073171619,"w":0.9438495635986328},"size":0.8660253882408142,"orthographic":false}