{"cameraMode":{"drawMode":0,"name":"Shaded","section":"Shading Mode"},"sceneLighting":true,"audioPlay":false,"sceneViewState":{"m_AlwaysRefresh":false,"showFog":true,"showSkybox":true,"showFlares":true,"showImageEffects":true,"showParticleSystems":true,"showVisualEffectGraphs":true,"m_FxEnabled":true},"in2DMode":false,"pivot":{"x":-2.8858797550201418,"y":6.406370639801025,"z":-11.517878532409668},"rotation":{"x":-0.22866593301296235,"y":-0.20950572192668916,"z":0.05066249147057533,"w":-0.9499527215957642},"size":0.8678041696548462,"orthographic":false}